ReferÃªncia,Status
5001 97 00660,Valid image
5001 97 00660,Valid image
5001 97 00660,Valid image
5001 97 00660,Valid image
5001 97 00660,Valid image
5001 97 00660,Valid image
5001 97 00660,Valid image
5001 97 00660,Valid image
5001 97 00660,Valid image
5001 97 00660,Valid image
5001 97 00660,Valid image
5001 97 00660,Valid image
5001 97 00660,Valid image
5001 97 00660,Valid image
5001 97 00660,Valid image
5001 97 00660,Valid image
5001 97 00660,Valid image
5001 97 00660,Valid image
5001 97 00660,Valid image
5001 97 00660,Valid image
5001 97 00660,Valid image
5001 97 00660,Valid image
5001 97 00660,Valid image
5001 97 00660,Valid image
5001 97 00660,Valid image
5001 97 00660,Valid image
5001 97 00660,Valid image
5001 97 00660,Valid image
5001 97 00660,Valid image
5001 97 00660,Valid image
5001 97 00660,Valid image
5001 97 00660,Valid image
5001 97 00660,Valid image
5001 97 00660,Valid image
5001 97 00660,Valid image
5001 97 00660,Valid image
5001 97 00660,Valid image
5001 97 00660,Valid image
5001 97 00660,Valid image
5001 97 00660,Valid image
5001 97 00660,Valid image
5001 97 00660,Valid image
5001 97 00660,Valid image
5001 97 00660,Valid image
5001 97 00660,Valid image
5001 97 00660,Valid image
5001 97 00660,Valid image
5001 97 00660,Valid image
5001 97 00660,Valid image
5001 97 00660,Valid image
5001 97 00660,Valid image
5001 97 00660,Valid image
5001 97 00660,Valid image
5001 97 00660,Valid image
5001 97 00663,Image invalid or not found
5001 97 00663,Image invalid or not found
5001 97 00663,Image invalid or not found
5001 97 00663,Image invalid or not found
5001 97 00663,Image invalid or not found
5001 97 00663,Image invalid or not found
5001 97 00663,Image invalid or not found
5001 97 00663,Image invalid or not found
5001 97 00663,Image invalid or not found
5001 97 00663,Image invalid or not found
5001 97 00663,Image invalid or not found
5001 97 00663,Image invalid or not found
5001 97 00663,Image invalid or not found
5001 97 00663,Image invalid or not found
5001 97 00663,Image invalid or not found
5001 97 00663,Image invalid or not found
5001 97 00663,Image invalid or not found
5001 97 00663,Image invalid or not found
5001 97 00663,Image invalid or not found
5001 97 00663,Image invalid or not found
5001 97 00663,Image invalid or not found
5001 97 00663,Image invalid or not found
5001 97 00663,Image invalid or not found
5001 97 00663,Image invalid or not found
5001 97 00663,Image invalid or not found
5001 97 00663,Image invalid or not found
5001 97 00663,Image invalid or not found
5001 97 00663,Image invalid or not found
5001 97 00663,Image invalid or not found
5001 97 00663,Image invalid or not found
5001 97 00663,Image invalid or not found
5001 97 00663,Image invalid or not found
5001 97 00663,Image invalid or not found
5001 97 00663,Image invalid or not found
5001 97 00663,Image invalid or not found
5001 97 00663,Image invalid or not found
5001 97 00663,Image invalid or not found
5001 97 00663,Image invalid or not found
5001 97 00663,Image invalid or not found
5001 97 00663,Image invalid or not found
5001 97 00663,Image invalid or not found
5001 97 00663,Image invalid or not found
5001 97 00663,Image invalid or not found
5001 97 00663,Image invalid or not found
5001 97 00663,Image invalid or not found
5001 97 00663,Image invalid or not found
5001 97 00663,Image invalid or not found
5001 97 00663,Image invalid or not found
5001 97 00663,Image invalid or not found
5001 97 00663,Image invalid or not found
5001 97 00663,Image invalid or not found
5001 97 00663,Image invalid or not found
5001 97 00663,Image invalid or not found
5001 97 00663,Image invalid or not found
5001 97 00664,Image invalid or not found
5001 97 00664,Image invalid or not found
5001 97 00664,Image invalid or not found
5001 97 00664,Image invalid or not found
5001 97 00664,Image invalid or not found
5001 97 00664,Image invalid or not found
5001 97 00664,Image invalid or not found
5001 97 00664,Image invalid or not found
5001 97 00664,Image invalid or not found
5001 97 00664,Image invalid or not found
5001 97 00664,Image invalid or not found
5001 97 00664,Image invalid or not found
5001 97 00664,Image invalid or not found
5001 97 00664,Image invalid or not found
5001 97 00664,Image invalid or not found
5001 97 00664,Image invalid or not found
5001 97 00664,Image invalid or not found
5001 97 00664,Image invalid or not found
5001 97 00664,Image invalid or not found
5001 97 00664,Image invalid or not found
5001 97 00664,Image invalid or not found
5001 97 00664,Image invalid or not found
5001 97 00664,Image invalid or not found
5001 97 00664,Image invalid or not found
5001 97 00664,Image invalid or not found
5001 97 00664,Image invalid or not found
5001 97 00664,Image invalid or not found
5001 97 00664,Image invalid or not found
5001 97 00664,Image invalid or not found
5001 97 00664,Image invalid or not found
5001 97 00664,Image invalid or not found
5001 97 00664,Image invalid or not found
5001 97 00664,Image invalid or not found
5001 97 00664,Image invalid or not found
5001 97 00664,Image invalid or not found
5001 97 00664,Image invalid or not found
5001 97 00664,Image invalid or not found
5001 97 00664,Image invalid or not found
5001 97 00664,Image invalid or not found
5001 97 00714,Image invalid or not found
5001 97 00714,Image invalid or not found
5001 97 00714,Image invalid or not found
5001 97 00714,Image invalid or not found
5001 97 00714,Image invalid or not found
5001 97 00714,Image invalid or not found
5001 97 00714,Image invalid or not found
5001 97 00714,Image invalid or not found
5001 97 00714,Image invalid or not found
5001 97 00714,Image invalid or not found
5001 97 00714,Image invalid or not found
5001 97 00714,Image invalid or not found
5001 97 00714,Image invalid or not found
5001 97 00714,Image invalid or not found
5001 97 00714,Image invalid or not found
5001 97 00714,Image invalid or not found
5001 97 00714,Image invalid or not found
5001 97 00714,Image invalid or not found
5001 97 00714,Image invalid or not found
5001 97 00714,Image invalid or not found
5001 97 00714,Image invalid or not found
5001 97 00714,Image invalid or not found
5001 97 00714,Image invalid or not found
5001 97 00714,Image invalid or not found
5001 97 00714,Image invalid or not found
5001 97 00714,Image invalid or not found
5001 97 00714,Image invalid or not found
5001 97 00714,Image invalid or not found
5001 97 00714,Image invalid or not found
5001 97 00714,Image invalid or not found
5001 97 00714,Image invalid or not found
5001 97 00714,Image invalid or not found
5001 97 00714,Image invalid or not found
5001 97 00714,Image invalid or not found
5001 97 00714,Image invalid or not found
5001 97 00714,Image invalid or not found
5001 97 00714,Image invalid or not found
5001 97 00714,Image invalid or not found
5001 97 00714,Image invalid or not found
5001 97 00714,Image invalid or not found
5001 97 00714,Image invalid or not found
5001 97 00714,Image invalid or not found
5001 97 00714,Image invalid or not found
5001 97 00714,Image invalid or not found
5001 97 00714,Image invalid or not found
5001 97 00714,Image invalid or not found
5001 97 00714,Image invalid or not found
5001 97 00714,Image invalid or not found
5001 97 00714,Image invalid or not found
5001 97 00714,Image invalid or not found
5001 97 00714,Image invalid or not found
5001 97 00714,Image invalid or not found
5001 97 00714,Image invalid or not found
5001 97 00714,Image invalid or not found
5001 97 00754,Image invalid or not found
5001 97 00754,Image invalid or not found
5001 97 00754,Image invalid or not found
5001 97 00754,Image invalid or not found
5001 97 00754,Image invalid or not found
5001 97 00754,Image invalid or not found
5001 97 00754,Image invalid or not found
5001 97 00754,Image invalid or not found
5001 97 00754,Image invalid or not found
5001 97 00754,Image invalid or not found
5001 97 00754,Image invalid or not found
5001 97 00754,Image invalid or not found
5001 97 00754,Image invalid or not found
5001 97 00754,Image invalid or not found
5001 97 00754,Image invalid or not found
5001 97 00754,Image invalid or not found
5001 97 00754,Image invalid or not found
5001 97 00754,Image invalid or not found
5001 97 00754,Image invalid or not found
5001 97 00754,Image invalid or not found
5001 97 00754,Image invalid or not found
5001 97 00754,Image invalid or not found
5001 97 00754,Image invalid or not found
5001 97 00754,Image invalid or not found
5001 97 00754,Image invalid or not found
5001 97 00754,Image invalid or not found
5001 97 00754,Image invalid or not found
